Role,Company,Skills
Stellar AI Senior Software Engineer {,Stellar AI,Train
BIS Safety Software Marketing Copywriter [,BIS Safety Software,"Copywriter, SaaS, System"
Marketers in Demand Web Development Specialist [,Marketers in Demand,Web Developer
Sanctuary Computer Senior Frontend Developer [,Sanctuary Computer,"Engineer, Senior, Front End"
Veeam Software Sr Account Executive Commercial Accounts [,Veeam Software,"Security, Leader, Go"
Lemon.io Senior Full stack React Developer {,Lemon.io,"JavaScript, React, Node"
Octo Horizon Software Engineer C [,Octo Horizon,"Engineer, Technical, Cloud"
Sticker Mule Software engineer [,Sticker Mule,"Engineer, Docker, Redis"
AMK Solutions Senior Full Stack Engineer [,AMK Solutions,
Headway Senior React Native Developer {,Headway,"Engineer, Mobile, JavaScript"
Veeam Software Senior Sales Systems Engineer [,Veeam Software,"Security, Technical, Leader"
Veeam Software Senior Sales Engineer Data & AI Security [,Veeam Software,"Security, Leader, Senior"
Veeam Software Sales Systems Engineer [,Veeam Software,"Technical, Leader, Sales"
Veeam Software Product & Application Security Engineer [,Veeam Software,"Security, Leader, Senior"
Lucid Software Regulatory & Product Counsel [,Lucid Software,"Software, Cloud, Leader"
Veeam Software Senior Director Customer Success Product Portfolio Management [,Veeam Software,"Director, Leader, Management"
Veeam Software Senior Staff Platform Engineer [,Veeam Software,"Design, Cloud, Microsoft"
Veeam Software Senior Solution Architect GSI [,Veeam Software,"Architect, Leader, Senior"
Veeam Software ML AI Ops Engineer [,Veeam Software,"Leader, Go, Engineer"
Veeam Software Senior Data Science Engineer [,Veeam Software,"Leader, Senior, Go"
Veeam Software Lead Account Executive Enterprise Sales [,Veeam Software,"Leader, Lead, Sales"
Veeam Software Senior Systems Engineer [,Veeam Software,"Leader, Senior, Sales"
Banyan Software Director of Payments U.S. Canada [,Banyan Software,"Director, Design, Embedded"
Veeam Software Global Compensation COE Director [,Veeam Software,"Director, Leader, Go"
Veeam Software Inside Partner Manager EST [,Veeam Software,"Manager, Leader, Go"
Veeam Software Strategic Account Manager [,Veeam Software,"Manager, Leader, Go"
Housecall Pro Senior Staff Ruby on Rails Engineer [,Housecall Pro,"Ruby, Backend"
Cloak Aztec smart contracts and Javascript front end dev [,Cloak,Engineer
NTD software FullStack Engineer [,NTD software,"Design, React, Front End"
CSC Generation Lead Software Engineer [,CSC Generation,"Software, Design, Django"
Civitech Analytics Engineer [,Civitech,"Support, Code, Cloud"
Valon Mortgage Senior Data Engineer [,Valon Mortgage,"Design, SaaS, Architect"
Extend Principal Data Engineer [,Extend,"Design, Technical, Financial"
Invisible Agency 3D Modeling & Python Specialist Freelance AI Trainer Project [,Invisible Agency,"3d, Trainer, Training"
"Chime Financial, Inc Data Governance Engineer [","Chime Financial, Inc","Technical, Developer, Code"
Affirm Software Engineer II Backend [,Affirm,"Software, Design, Technical"
Pivotal Health Data Engineer [,Pivotal Health,"Design, Salesforce, Technical"
Amigo Applied AI Engineer Europe [,Amigo,"System, Technical, Support"
Foundation EGI Senior CAD Backend Engineer Mechanical CAD Automation [,Foundation EGI,"Design, 3d, Senior"
Junction Data Scientist [,Junction,"Technical, Cloud, Management"
Patreon Software Engineer Identity & Access [,Patreon,"Software, Security, Support"
Smile Digital Health Technical Implementations Lead US [,Smile Digital Health,"System, Security, Technical"
Eleks Banking Full Stack Software Developer TSCM 43657 [,Eleks,"Developer, Software, Security"
TrueML Engineering Manager Data Platform [,TrueML,"Manager, Design, System"
Anyone AI Biology AI Training Expert [,Anyone AI,"Training, Technical, Biology"
World Golf Tour (WGT) Data Analyst [,World Golf Tour (WGT),"Analyst, Security, Game"
Fullscript Staff Machine Learning Engineer [,Fullscript,"Design, System, Technical"
Arbiter AI Senior Backend Engineer Integrations [,Arbiter AI,"Design, System, Technical"
NerdWallet Security Engineer II Canada [,NerdWallet,"Security, Design, Support"
SentiLink Solutions Analytics Data Scientist [,SentiLink,"Technical, Support, Financial"
2K Rigging Technical Artist NBA 2K [,2K,"Game, Technical, Support"
GHX Senior Software Engineer Python Django PostgreSQL and Vue.js [,GHX,"Django, Software, Design"
ChowNow Senior DevOps Engineer [,ChowNow,"Design, Ansible, Security"
AutoDS Backend Developer [,AutoDS,"Developer, Back-End, Reliability"
Tenstorrent Staff Engineer Software Release and Packaging RISC V [,Tenstorrent,"Software, System, Engineer"
Anduril Industries Early Career Software Engineer Warfighter Systems [,Anduril Industries,"Software, System, Security"
ComputerCare Data Analyst II [,ComputerCare,"Analyst, System, Technical"
Solera Health Data Scientist [,Solera Health,"Design, Support, Medical"
Magic Media C++ Developer [,Magic Media,"Developer, VFX, Training"
Swayable Research Data Scientist [,Swayable,"Growth, Director, Strategy"
itD Tech Software Engineer [,itD Tech,"Software, Design, Training"
Viseven Prompt Engineer [,Viseven,"Back-End, Engineer, Engineering"
Oowlish Technology Senior Data Engineer [,Oowlish Technology,"Support, Software, Growth"
Gametime United Data Science Intern Pricing Analytics [,Gametime United,"Support, Test, Web"
Oowlish Technology Big Data Engineer [,Oowlish Technology,"Support, Software, Growth"
SkySlope Data Analyst 3 [,SkySlope,"Analyst, Salesforce, Technical"
Postscript GTM Automation Engineer [,Postscript,"Design, Jira, Salesforce"
Banco BV Pessoa Engenheira de Machine Learning Senior [,Banco BV,"Senior, Engineering"
Restaurant365 Data Analyst [,Restaurant365,"Analyst, SaaS, Technical"
Big Health Product Data Analyst [,Big Health,"Analyst, Supervisor, Support"
Bloomreach Senior Python Software Engineer [,Bloomreach,"Software, Test, Growth"
Ren Software Engineer [,Ren,"Software, Design, Training"
Kraken Senior Machine Learning Engineer AI Foundry [,Kraken,"System, Docker, Support"
ZenBusiness Inc. Senior Software Engineer [,ZenBusiness Inc.,"Software, React, Front End"
Point72 Site Reliability Engineer [,Point72,"Design, System, Security"
Linus Health Site Reliability Engineer [,Linus Health,"System, Security, Growth"
2100 NVIDIA USA Principal Software Engineer Dynamo [,2100 NVIDIA USA,"Software, Design, System"
Satelligence Junior Data Engineer [,Satelligence,"Design, Django, Technical"
Maidel Group Crypto Trader [,Maidel Group,"Other, Analyst, Mobile"
singularads.com Meta Ads Manager + Creative Producer AI Native [,singularads.com,"Marketing, Ads, AI"
Stone Engenharia Software Engineer III Golang [,Stone,"Software, Golang, Engineer"
Firework Director Enterprise Sales [,Firework,"Director, SaaS, Technical"
DoorDash USA Recruiter GTM Sales [,DoorDash USA,"Design, Recruiter, Support"
Wealthsimple Technologies Senior AI System Software Developer [,Wealthsimple Technologies,"System, Developer, Software"
Omnicom Health Senior Medical Editor [,Omnicom Health,"Management, Senior, Junior"
"AffirmedRx, PBC Pricing Manager [","AffirmedRx, PBC","Manager, Support, Financial"
Beale Infrastructure Director of Market Development [,Beale Infrastructure,"Director, Support, Strategy"
Care Access Digital Marketing Manager [,Care Access,"Manager, Growth, Mobile"
Phaidra Senior Software Engineer [,Phaidra,"Software, Senior, Operational"
Welo Global Language Quality Manager [,Welo Global,"Manager, Jira, SaaS"
"Contact Government Services, LLC Contract Mandarin Document Review Attorney [","Contact Government Services, LLC","Support, Analyst, Legal"
JetBrains .NET Developer Advocate [,JetBrains,"Developer, Front End, Software"
Genomenon Clinical Marketing Director [,Genomenon,"Director, Support, Marketing"
TTEC Digital Tier II III UC Support Engineer [,TTEC Digital,"System, Technical, Support"
"Deep Fission, Inc Nuclear Engineer III Nuclear Safety Analysis [","Deep Fission, Inc","Support, Growth, Engineer"
"Deep Fission, Inc Senior Director Nuclear Programs [","Deep Fission, Inc","Director, System, Growth"
uConnect VP of Product and Partnerships [,uConnect,"Design, SaaS, Students"
Varicent Technical Solutions Analyst [,Varicent,"Analyst, Design, SaaS"
Covera Health VP Population Health [,Covera Health,"System, Support, Growth"
Smartbug Media/Point Sucess/Globalia Freelance SEO AEO Strategist [,Smartbug Media/Point Sucess/Globalia,"Technical, Strategist, Web"
Emora Health Operations and Support Associate [,Emora Health,"System, Support, Growth"
GiddyUp Performance Marketing Manager [,GiddyUp,"Manager, Support, Testing"
Natera Manager Platform Engineering [,Natera,"Manager, Technical, Support"
EnableComp Vice President DRG [,EnableComp,"Training, Support, Growth"
Wishpond Technologies CUSTOMER SUCCESS MANAGER [,Wishpond Technologies,"Manager, Design, SaaS"
Calyxo Academic Engagement Manager USA [,Calyxo,"Manager, Training, Director"
Brandtech+ Project Manager French English Fluent [,Brandtech+,Manager
Careers In Travel | Destination Planners Destination Coordinator [,Careers In Travel | Destination Planners,"Travel, Coordinator, Support"
Careers In Travel | Destination Planners Travel Support Advisor [,Careers In Travel | Destination Planners,"Travel, Training, Support"
Careers In Travel | Destination Planners Travel Operations Coordinator [,Careers In Travel | Destination Planners,"Travel, Training, Coordinator"
Careers In Travel | Destination Planners Travel Appointment Coordinator [,Careers In Travel | Destination Planners,"Travel, Coordinator, Support"
Careers In Travel | Destination Planners Itinerary Support Coordinator No Experience Needed [,Careers In Travel | Destination Planners,"Travel, Coordinator, Support"
Unikraft Tooling Engineer [,Unikraft,"Golang, Cloud, Engineer"
Stellar AI Senior Software Engineer {,Stellar AI,"Developer, Train"
Precision Medicine Group Senior Marketing Manager CRO Experience Required [,Precision Medicine Group,"Manager, Design, Embedded"
Aisles & Abroad Online Hospitality Services Coordinator Entry Level [,Aisles & Abroad,"Coordinator, Support"
Apollo Information Systems Account Executive Southeast [,Apollo Information Systems,"Salesforce, Security, Technical"
CX2 CNC Machinist Milling [,CX2,"Software, Growth, Assembly"
LiveKit Staff Product Manager Enterprise [,LiveKit,"Manager, Technical, Developer"
Boom Entertainment Customer Support Representative [,Boom Entertainment,"Gaming, Consultant, Support"
CSC Generation Lead Software Engineer [,CSC Generation,"Software, Design, Python"
BIS Safety Software Marketing Copywriter [,BIS Safety Software,"Developer, Copywriter, SaaS"
"Clariti Cloud, Inc. Senior Software Engineer I [","Clariti Cloud, Inc.","Software, SaaS, Salesforce"
Forbright Bank Manager Collections & Recoveries [,Forbright Bank,"Manager, Embedded, Growth"
CipherHealth Customer Success Manager [,CipherHealth,"Manager, System, Consultant"
GoFasti 1086 Digital Marketing Specialist [,GoFasti,"Marketing, Part-Time, Non Tech"
Forge Global Asset Administration Operations Specialist [,Forge Global,"Travel, Financial, Operations"
Rivia Mind - Mental Healthcare Patient Operations Coordinator [,Rivia Mind - Mental Healthcare,"Coordinator, Management, Operations"
Spotify Engineering Manager AI Fleet Management & Honk [,Spotify,"Manager, Design, System"
Akuity Senior Backend Engineer [,Akuity,"SaaS, Developer, Software"
HighLevel Software Development Engineer Backend [,HighLevel,"Software, SaaS, System"
Higharc Software Engineer Showroom [,Higharc,"Software, Design, 3d"
Black Canyon Consulting Junior Mid Full Stack Software Engineer [,Black Canyon Consulting,"Consulting, Software, GraphQL"
Vistas Recruitment Senior Backend Engineer UK [,Vistas Recruitment,"Golang, Senior, Engineer"
Monzo Lead Analytics Engineer Borrowing [,Monzo,"Design, Architect, Support"
Smart Working Solutions Digital Full Stack Engineer HR172 [,Smart Working Solutions,"Design, Jira, System"
Haast Founding Engineer [,Haast,"Front End, Full-Stack, Technical"
Paperpile Backend Engineer [,Paperpile,"Ops, JavaScript, Typescript"
Paperpile Senior Full Stack Engineer [,Paperpile,"Senior, Front End"
Interra Health Senior Software Engineer [,Interra Health,"Software, Design, SaaS"
Honor Foods Front End Full Stack Developer [,Honor Foods,"Developer, Front-End, UI"
Calabrio Engineer Software [,Calabrio,"Software, Design, C#"
Affirm Software Engineer II Backend [,Affirm,"Software, Design, Python"
Finalis Software Engineer [,Finalis,"Software, Design, System"
Pivotal Health Full Stack Product Engineer [,Pivotal Health,"React, System, Front End"
Envision Horizons LLC Full Stack Developer [,Envision Horizons LLC,"Developer, C#, Amazon"
Salesforge Senior Backend Engineer Build AI Agents [,Salesforge,"Golang, Senior, Sales"
CareerVillage.org Frontend Engineer [,CareerVillage.org,"Front End, Technical, Software"
Foundation EGI Senior CAD Backend Engineer Mechanical CAD Automation [,Foundation EGI,"Design, Python, 3d"
Mighty Networks Senior Software Engineer Payments & Monetization [,Mighty Networks,"Software, Front End, Full-Stack"
Insider One Senior Software Engineer Golang [,Insider One,"Software, Design, SaaS"
Air Apps Backend Engineer Rome [,Air Apps,"Design, GraphQL, Front End"
Clover Health Operations Associate Payment Integrity [,Clover Health,"Support, Financial, Management"
Ocrolus Inc. Senior Software Engineer App Infra [,Ocrolus Inc.,"Software, Architect, Technical"
Yuno Technical Support Analyst [,Yuno,"Analyst, System, Technical"
Wingspan Software Engineer Payment Operations [,Wingspan,"Software, Growth, Code"
"Rebuy, Inc. Sr Software Engineer B E [","Rebuy, Inc.","Software, Design, Jira"
Xsolla Xsolla Senior Full stack Engineer [,Xsolla,"Design, React, System"
Ternary Staff Software Engineer Full Stack [,Ternary,"Software, Front-End, Technical"
Coderio Senior Backend Engineer MS050KA [,Coderio,"Serverless, Node. JS, API"
Vistas Recruitment Senior Backend Engineer UK [,Vistas Recruitment,"Golang, Leader, Senior"
ClickHouse Senior Backend Engineer HyperDX [,ClickHouse,"Developer, Cloud, Senior"
Sysdig Senior Software Engineer [,Sysdig,"Software, Design, Security"
Fullscript Staff Machine Learning Engineer [,Fullscript,"Design, System, Python"
MoonPay Senior Security Engineer Automation [,MoonPay,"Security, Crypto, System"
Arbiter AI Senior Backend Engineer Integrations [,Arbiter AI,"Design, System, Python"
Waymark Principal Data Engineer [,Waymark,"Technical, Health, Healthcare"
Ubiminds Senior Developer Backend Search CD+E [,Ubiminds,"Developer, Design, HR"
Callibrity Lead Front End Software Engineer [,Callibrity,"Software, Design, Front-End"
Zipdev Tech Lead [,Zipdev,"Design, System, Cto"
Legion SaaS Platform Architect [,Legion,"SaaS, Architect, Design"
Palantir Technologies Software Engineer New Grad Production Infrastructure [,Palantir Technologies,"Software, Design, Front-End"
CI&T CI&T 27985 Senior AI Engineer Brazil [,CI&T,"React, System, Technical"
Pavago Senior Backend Engineer [,Pavago,"Design, C#, SaaS"
Pulley Frontend Engineer II Core Product [,Pulley,"Front End, Design, Software"
Zensurance Tech Lead [,Zensurance,"Design, System, Front-End"
Paperpile Backend Engineer [,Paperpile,"Ops, Backend, Typescript"
Lemon.io Senior Full stack React Developer {,Lemon.io,"React, Node, Python"
Smile Digital Health Technical Implementations Lead US [,Smile Digital Health,"System, Security, Python"
Headway Senior React Native Developer {,Headway,"Engineer, Mobile, React"
Decile Group Front End Engineer [,Decile Group,"Design, SaaS, Front-End"
NerdWallet Security Engineer II Canada [,NerdWallet,"Security, Design, Python"
Creative Chaos Senior Software Engineer React [,Creative Chaos,"React, Software, Design"
Brave Software Engineer UI [,Brave,"Software, UI, Design"
CI&T Job 27602 Mid level Developer NodeJS Brazil [,CI&T,"Developer, Node JS, Cloud"
Bluelight Consulting React Native Developer [,Bluelight Consulting,"React, Consulting, Developer"
Brillio UI Developer R01560583 [,Brillio,"Developer, UI, Design"
Swayable Technical Support Engineer [,Swayable,"Python, Technical, Support"
Bullish US LLC Senior Lead Designer Web & Interactive [,Bullish US LLC,"Web, Design, Jira"
ClearScore Technology Limited FrontEnd Engineer [,ClearScore Technology Limited,"Front End, React, Teach"
Equip Health Senior Software Development Engineer DevOps [,Equip Health,"Software, React, System"
Emma – The Sleep Company Software Engineering Intern [,Emma – The Sleep Company,"Software, Design, Support"
Jobgether Senior Software Engineer [,Jobgether,"Software, Design, System"
KOHO Junior Software Developer Full Stack [,KOHO,"Developer, Software, Design"
Sumo Logic Software Engineer I Dev Tooling [,Sumo Logic,"Software, Design, System"
"Rebuy, Inc. Overnight Customer Support Engineer [","Rebuy, Inc.","SaaS, Front End, Ceo"
Gurobi Optimization Software Quality Engineer [,Gurobi Optimization,"Software, React, Front End"
Tech Innovations Inc. Software Engineer [,Tech Innovations Inc.,"Software, Testing, Cloud"
XKTalent Inc. - Rimutee FRONTEND ANGULAR SYMFONY [,XKTalent Inc. - Rimutee,"Front End, Web, PHP"
Filevine Senior Javascript Fullstack Engineer [,Filevine,"Design, System, Technical"
QuillBot SEO Specialist [,QuillBot,"Design, Students, Technical"
CI&T Job 25535 Master Fullstack Developer Brazil [,CI&T,"Developer, HTML, Node"
Coins.ph Web Engineer [,Coins.ph,"Web, Design, Crypto"
Firework Manager Integration Solutions [,Firework,"Manager, SaaS, Consultant"
Clair Senior Fullstack Engineer [,Clair,"Embedded, System, Front End"
Tolt Product Engineer {,Tolt,"Typescript, React, Product"
NTD software FullStack Engineer [,NTD software,"Developer, Design, React"
Ibility Integration Test Manager VHA Required [,Ibility,"Test, Manager, Design"
Lemon.io Senior Full stack React Developer {,Lemon.io,"JavaScript, Node, Python"
Pivotal Health Full Stack Product Engineer [,Pivotal Health,"System, Front End, Technical"
Xsolla Xsolla Senior Full stack Engineer [,Xsolla,"Design, System, Front End"
OakNorth Staff Engineer Digital Lending [,OakNorth,"SaaS, Security, Technical"
CI&T CI&T 27985 Senior AI Engineer Brazil [,CI&T,"System, Technical, Software"
Creative Chaos Senior Software Engineer React [,Creative Chaos,"Software, Design, Jira"
Pomelo Care Software Engineer [,Pomelo Care,"Software, Front-End, Technical"
Headout Software Engineer Apps [,Headout,"Software, Design, System"
Bluelight Consulting React Native Developer [,Bluelight Consulting,"Consulting, Developer, iOS"
Epoch AI Web Developer [,Epoch AI,"Developer, Web, Full-Time"
Alpaca Staff Frontend Engineer [,Alpaca,"Front End, Design, Crypto"
Ubiminds Senior Full Stack Engineer Ruby React [,Ubiminds,"Design, System, Support"
ZenBusiness Inc. Senior Software Engineer [,ZenBusiness Inc.,"Software, Front End, Python"
OLIVER Agency Social Media Manager [,OLIVER Agency,"Manager, Lead, Content"
Confluent Senior Engineer Confluent Marketplace Partner Applied Solution [,Confluent,"Design, SaaS, Back-End"
JumpCloud Senior Product Designer Türkiye [,JumpCloud,"Design, Embedded, System"
Patrick J McGovern Foundation Full Stack Developer [,Patrick J McGovern Foundation,"Developer, Design, System"
Orium Senior React Native Developer [,Orium,"Developer, Technical, Mobile"
ClearScore Technology Limited FrontEnd Engineer [,ClearScore Technology Limited,"Front End, Teach, Architect"
Equip Health Senior Software Development Engineer DevOps [,Equip Health,"Software, System, Security"
"Railroad19, Inc Cloud Full Stack Python Software Engineer US [","Railroad19, Inc","Python, Software, Technical"
Calendly Full Stack Engineer Contacts [,Calendly,"Design, SaaS, Front-End"
Arize AI Senior Frontend Engineer [,Arize AI,"Front End, Typescript, API"
Field Nation Software Engineer [,Field Nation,"Software, SaaS, Docker"
MeridianLink Software Engineer III [,MeridianLink,"Software, Design, C#"
CompassX Group Full Stack Software Engineer [,CompassX Group,"Software, Design, Front End"
Gurobi Optimization Software Quality Engineer [,Gurobi Optimization,"Software, Front End, Technical"
Tech Innovations Inc. Software Engineer [,Tech Innovations Inc.,"Software, Testing, Web"
3Pillar Cloud Architect NodeJs React [,3Pillar,"Architect, Design, SaaS"
Tech Solutions Inc. Software Engineer [,Tech Solutions Inc.,"Software, Code, Web"
Helius Full Stack Engineer Developer Portal [,Helius,"Developer, Design, Web3"
Darkroom Full Stack Engineer [,Darkroom,"Technical, Software, Code"
Tech Solutions Inc. Software Engineer [,Tech Solutions Inc.,"Software, Testing, Web"
"Manta Network, Powered by p0x labs Frontend Engineer [","Manta Network, Powered by p0x labs","Front End, Design, Web3"
ARB Interactive Fullstack Software Engineer [,ARB Interactive,"Software, Design, Front-End"
AirDNA Frontend Tech Lead [,AirDNA,"Front End, Design, Training"
Reliable Robotics Software Engineer Engineering Productivity [,Reliable Robotics,"Software, Design, System"
Mainstay Labs Inc. Software Engineer [,Mainstay Labs Inc.,"Software, System, Front End"
Tech Innovations Inc. Software Engineer [,Tech Innovations Inc.,"Software, Web, Engineer"
Perforce Senior Software Engineer I Puppet [,Perforce,"Software, System, Security"
Lalamove Senior Data Engineer [,Lalamove,"Technical, Support, Senior"
Ubiminds Senior Automation Engineer Java [,Ubiminds,"HR, System, Technical"
Spry Methods Systems Engineer Enterprise Middleware [,Spry Methods,"System, Security, Docker"
Spry Methods Senior Enterprise Middleware Engineer [,Spry Methods,"System, Security, Docker"
CI&T Job 27120 Senior Kotlin Java Developer Brazil [,CI&T,"Developer, Docker, Code"
CI&T Job 27144 Mid Level Fullstack Developer Brazil [,CI&T,"Developer, Design, Jira"
Evolve Tech LLC Backend Developer [,Evolve Tech LLC,"Developer, Design, Front End"
CLEAR - Corporate Senior Software Engineer Java [,CLEAR - Corporate,"Software, Security, Code"
Callibrity Senior Java Software Developer [,Callibrity,"Developer, Software, Consulting"
Ping Identity Staff Software Engineer Java [,Ping Identity,"Software, Developer, Cloud"
Tech Solutions Inc. Software Engineer [,Tech Solutions Inc.,"Software, Code, Engineer"
Malt Staff Software Engineer [,Malt,"Software, Design, Technical"
GHX Software Manager Exchange [,GHX,"Software, Manager, Technical"
MeridianLink Full Stack Software Engineer III Angular Java [,MeridianLink,"Software, Design, Front-End"
Deposco Software Engineer Integrations [,Deposco,"Software, Design, SaaS"
capital.com Java Software Engineer [,capital.com,"Software, Design, Security"
New Relic Technical Support Engineer Java .Net [,New Relic,"Technical, Support, Happiness"
Netomi Intern Software Development [,Netomi,"Software, Design, Technical"
Adyen Software Engineer II Merchant Operational Excellence [,Adyen,"Software, Technical, Support"
Integral Ad Science Staff Software Engineer Java [,Integral Ad Science,"Software, Code, Cloud"
Revinate Director Data Engineering [,Revinate,"Director, Design, HR"
CI&T Job 25701 Mid Level Automation QA Brazil [,CI&T,"Software, Quality Assurance"
3Pillar Senior Data Engineer [,3Pillar,"Python, Software, Growth"
Acquia Senior Software Engineer [,Acquia,"Software, System, Support"
CertiK Solidity Compiler Frontend Engineer [,CertiK,"Solidity, Front End, Ethereum"
Celonis Software Engineer [,Celonis,"Software, SaaS, Support"
Culligan Quench Salesforce Full Stack Developer [,Culligan Quench,"Salesforce, Developer, Design"
Camunda Senior Software Engineer Backend [,Camunda,"Software, Design, SaaS"
Netomi SDE I Backend [,Netomi,"Design, SaaS, Amazon"
3Pillar Technical Lead Java & Angular [,3Pillar,"Technical, Software, Growth"
CI&T Job 24033 Software Architect Brazil [,CI&T,"Architect, Software, React"
CI&T Job 23962 Mid Senior Observability Engineer Colombia [,CI&T,"System, Developer, Software"
CI&T Job 23962 Mid Senior Observability Engineer Brazil [,CI&T,"System, Support, Developer"
Vonage Strategic Business Development Consultant [,Vonage,"Consultant, Design, Growth"
Paragon Product Marketing Lead [,Paragon,"SaaS, Technical, Developer"
SKELAR Senior Tech Lead Mobile Developer Risora [,SKELAR,"Developer, Swift, Full-Stack"
Amigo Applied AI Engineer Europe [,Amigo,"System, Python, Technical"
Vonage Healthcare Account Executive [,Vonage,"Software, Growth, Cloud"
Capnexus Senior Data Engineer [,Capnexus,"Amazon, System, Software"
Highspot Senior Solution Consultant [,Highspot,"Consultant, Salesforce, InfoSec"
Calendly Engineering Manager [,Calendly,"Manager, Technical, Software"
540 Test Automation Engineer [,540,"Test, Design, System"
Agoda Principal Specialist Counsel Financial Crime & Compliance [,Agoda,"Travel, Financial, Management"
Agoda Privacy Principal Counsel [,Agoda,"Support, Travel, Financial"
Smartsheet Solutions Architect [,Smartsheet,"Architect, Technical, Testing"
Coderio Senior Backend Engineer MS050KA [,Coderio,"Serverless, Node. JS, Senior"
Ivanti Senior Software Engineer C++ Windows SDK WIN32 API [,Ivanti,"Software, Design, SaaS"
OpenRouter Product Designer [,OpenRouter,"Design, Front End, Designer"
Copia Automation Lead Security Engineer [,Copia Automation,"Security, Design, SaaS"
High Tech Genesis Purview Consultant [,High Tech Genesis,"Consultant, Design, Security"
Veda Tech Labs Smart Contract Engineer SVM [,Veda Tech Labs,"Defi, Front-End, Security"
HighLevel Customer Support Specialist [,HighLevel,"Technical, Support, Manager"
Alpaca Lead Product Designer [,Alpaca,"Design, Crypto, Designer"
Marathon Talent CFO [,Marathon Talent,"Cfo, Support, Software"
Exodus Movement Inc. Security Engineer [,Exodus Movement Inc.,"Security, Design, Engineer"
Alpaca Product Operations Lead [,Alpaca,"Design, Crypto, Security"
Tether Operations Limited AI Product Manager [,Tether Operations Limited,"Manager, Design, SaaS"
Alpaca Sales Enablement Analyst Broker API [,Alpaca,"Analyst, Crypto, Training"
Coin Market Cap Ltd Business Development Manager 3 months renewable [,Coin Market Cap Ltd,"Manager, Crypto, Cryptocurrency"
Alpaca Senior Software Engineer Prime [,Alpaca,"Software, Crypto, System"
Anchorage Digital Member of Technical Staff Financial Infrastructure [,Anchorage Digital,"Crypto, Cryptocurrency, System"
Nansen.ai Senior Security Engineer [,Nansen.ai,"Security, Design, Support"
Lavendo Technical Product Manager [,Lavendo,"Manager, System, Technical"
Mex Digital FZE QA Engineer [,Mex Digital FZE,"Cryptocurrency, Technical, Developer"
CI&T Job 27602 Mid level Developer NodeJS Brazil [,CI&T,"Developer, JavaScript, Node JS"
dv01 Backend Engineer [,dv01,"SaaS, Financial, Investment"
3Pillar Senior Software Engineer Angular .net [,3Pillar,"Software, Design, Salesforce"
fastino.ai AI Engineer [,fastino.ai,"Docker, Ceo, Developer"
Smartbug Media HubSpot Solutions Architect [,Smartbug Media,"Architect, Design, Salesforce"
Stone Engenharia Software Engineer III Golang [,Stone,"Software, Golang"
"Deep Fission, Inc Nuclear Engineer III Nuclear Safety Analysis [","Deep Fission, Inc","Support, Growth, Engineering"
Unikraft Tooling Engineer [,Unikraft,"Golang, Cloud"
Civitech Analytics Engineer [,Civitech,"Python, Support, Code"
Cast AI Senior Software Engineer [,Cast AI,"Golang, Software, Senior"
Valon Mortgage Senior Data Engineer [,Valon Mortgage,"Design, SaaS, Python"
Extend Principal Data Engineer [,Extend,"Design, Python, Technical"
Quanata Cloud Enablement Engineer US [,Quanata,"Security, Technical, Software"
"Contact Government Services, LLC Senior Veritas eDiscovery Platform Engineer [","Contact Government Services, LLC","System, Technical, Support"
Prove Senior Software Engineer [,Prove,"Software, Security, Senior"
Thermal Works Technical Writer & Product Engineer [,Thermal Works,"System, Technical, Writer"
Precision AQ Software Engineer II [,Precision AQ,"Software, Technical, Support"
saas.group Senior Platform Engineer [,saas.group,"Support, Growth, Web"
Bold Business Lead AI Engineer & Technical Architect [,Bold Business,"Architect, Technical, Lead"
Vistas Recruitment Senior Backend Engineer UK [,Vistas Recruitment,"Golang, Senior, Recruiter"
Monzo Lead Analytics Engineer Borrowing [,Monzo,"Financial, Edu, Bank"
Business Wire Senior Data Engineer [,Business Wire,"Senior, Engineering"
Join Full stack Staff Engineer [,Join,"Golang, Design, SaaS"
Imagine Pediatrics Staff Data Engineer [,Imagine Pediatrics,"Support, Operational, Analytics"
Sanctuary Computer Senior Frontend Developer [,Sanctuary Computer,"Senior, Front End, Developer"
Andromeda Cluster Senior Site Reliability Engineer AI Infrastructure [,Andromeda Cluster,"Design, Training, Technical"
Syner-G Automation Engineer [,Syner-G,"Consulting, Support, Growth"
"Chime Financial, Inc Data Governance Engineer [","Chime Financial, Inc","Python, Technical, Developer"
SuperPlane Product Engineer [,SuperPlane,"Senior, Executive"
Anduril Industries Network Engineer Factory Systems and Operational Technology [,Anduril Industries,"Design, System, Security"
"Trunk Tools, Inc. ML Engineer [","Trunk Tools, Inc.","Design, System, Software"
WorkWave WorkWave Senior Data Analytics Engineer [,WorkWave,"Technical, Senior, Analytics"
Pivotal Health Data Engineer [,Pivotal Health,"Design, Salesforce, Python"
Vistas Recruitment Senior Product Engineer UK [,Vistas Recruitment,"Golang, Senior, Recruiter"
Bridgewater Associates Senior Security Engineer [,Bridgewater Associates,"Security, Technical, Recruiter"
Unikraft Tooling Engineer [,Unikraft,"Golang, Engineer"
Nava PBC Talent Acquisition Pipeline Manager [,Nava PBC,"Manager, Design, Consultancy"
Solutus Legal Search Director of Legal Operations [,Solutus Legal Search,"Director, Salesforce, System"
MLB Network Counsel Business & Legal Affairs [,MLB Network,"SaaS, Security, Support"
TENEX.AI Territory Account Manager [,TENEX.AI,"Manager, SaaS, Security"
Clariti Cloud Inc. Technical Account Manager [,Clariti Cloud Inc.,"Manager, Technical, Lead"
Zeta Global Senior Account Executive Publishers [,Zeta Global,"System, Senior, Marketing"
Sumo Logic Account Executive III [,Sumo Logic,"SaaS, Salesforce, Security"
Caylent Principal Customer Solutions Architect [,Caylent,"Architect, Design, Amazon"
Octo Horizon Software Engineer C [,Octo Horizon,"Engineer, Technical, Developer"
Vonage Healthcare Account Executive [,Vonage,"Software, Growth, API"
Smart Working Solutions Senior App & Frontend Developer AS233 [,Smart Working Solutions,"Front End, Developer, Embedded"
Junction Data Scientist [,Junction,"Python, Technical, Management"
Pave Bank Senior Site Reliability Engineer [,Pave Bank,"Crypto, System, Security"
Prophecy Partner Sales Manager [,Prophecy,"Manager, Design, Operational"
DV Trading Senior Cloud Engineer [,DV Trading,"Crypto, Cryptocurrency, Security"
ecosio Senior EDI e invoicing Integration Engineer with English and German French Italian Chinese [,ecosio,"SaaS, System, Technical"
UJET Senior Site Reliability Engineer [,UJET,"Design, System, Technical"
Hightouch Product Lead Agentic Ads Platform [,Hightouch,"Strategist, Test, Growth"
Signifyd Senior Software Engineer Cloud Platform [,Signifyd,"Software, System, Architect"
Insider One Frontend Developer Vue.js [,Insider One,"Front End, Developer, Design"
540 Senior Solutions Architect [,540,"Architect, Design, System"
GuidePoint Security CNAPP Security Engineer Mid Atlantic region [,GuidePoint Security,"InfoSec, Security, Code"
Redis Technical Support L3 Weekends [,Redis,"Redis, Sysadmin, Technical"
DoiT Senior Cloud Architect ML AI [,DoiT,"Architect, Technical, Growth"
CloudWalk Senior Engineer Platform Devops [,CloudWalk,"Security, Technical, Programmer"
Xsolla Operations Engineer Kuala Lumpur [,Xsolla,"Jira, Game, Gaming"
Trilogy Federal Cyber Security Analyst [,Trilogy Federal,"Security, Analyst, System"
Sezzle Senior Security Infrastructure Engineer [,Sezzle,"Security, Developer, Fintech"
Makpar IT Specialist II [,Makpar,"Training, Consulting, Technical"
OakNorth Staff Engineer Digital Lending [,OakNorth,"SaaS, React, Security"
WISE INTEGRATION Freelance Senior Full Stack Software Architect and Collateral Management Specialist [,WISE INTEGRATION,"Architect, Software, Design"
SharkNinja Platform Administrator [,SharkNinja,"Design, Amazon, System"
MinIO Site Reliability Engineer US West [,MinIO,"Software, Leader, Reliability"
iCapital DevOps Database Assistant Vice President [,iCapital,"Assistant, Security, Testing"
Life360 Staff DevOps Engineer [,Life360,"Security, Mobile, Engineer"
Graphcore Engineering Manager Workload Management [,Graphcore,"Manager, Technical, Software"
GHX Senior Software Engineer Python Django PostgreSQL and Vue.js [,GHX,"Python, Django, Software"
"Crunchyroll, LLC Staff DevOps Engineer [","Crunchyroll, LLC","Support, Software, Cloud"
MEMX DevOps Engineer [,MEMX,"System, Security, Software"
Kunai Senior Cloud Engineer [,Kunai,"Full-Stack, Financial, Fintech"
Nearform Technical Lead DevOps [,Nearform,"Technical, Lead, Senior"
InfStones DevOps Engineer [,InfStones,"Amazon, Web3, System"
Ubiminds Mid Level DevOps Engineer CI CD Optimization [,Ubiminds,"Design, HR, System"
Ping Identity Senior Manager Site Reliability Engineer [,Ping Identity,"Manager, SaaS, Cloud"
Ping Identity Senior Site Reliability Engineer [,Ping Identity,"Design, Software, Cloud"
Accenture Federal Services Cloud Engineer [,Accenture Federal Services,"Design, Security, Training"
Parloa Forward Deployed Engineer DevOps [,Parloa,"Technical, Code, Cloud"
Alpaca Senior Software Engineer India [,Alpaca,"Software, Crypto, Technical"
Versaterm DevSecOps Engineer DroneSense [,Versaterm,"Security, Growth, Engineer"
Anduril Industries Senior DevOps Engineer [,Anduril Industries,"Ansible, System, Security"
Higher Logic DevOps Engineer [,Higher Logic,"SaaS, Technical, Engineer"
CI&T Job 27246 DevOps Strategy & Culture Lead Brazil [,CI&T,"Design, Consulting, Technical"
Ubiminds Senior Full Stack Engineer Ruby React [,Ubiminds,"React, Design, System"
MrBeast QA Engineer [,MrBeast,"Testing, Test, Quality Assurance"
2100 NVIDIA USA Senior DevOps Architect [,2100 NVIDIA USA,"Architect, Design, Embedded"
Ubiminds Senior Full Stack Software Engineer .NET Core Angular [,Ubiminds,"Software, Design, HR"
Ubiminds Full Stack Engineer [,Ubiminds,"Design, SaaS, System"
Empassion Senior Full Stack Software Engineer [,Empassion,"Software, Design, System"
Quantum Metric Account Executive Italian Speaking [,Quantum Metric,"SaaS, Training, Support"
Zinkworks Senior Full Stack Engineer [,Zinkworks,"Front End, Security, Technical"
Caylent Senior Account Executive [,Caylent,"Amazon, Security, Training"
Tenstorrent Staff Software Engineer Cloud Infrastructure [,Tenstorrent,"Software, Cloud, Operational"
singularads.com Meta Ads Manager + Creative Producer AI Native [,singularads.com,"Marketing, Ads"
Subbly Customer Success Representative [,Subbly,Customer Support
EverAI Mid Senior AI Cinematic Video Editor [,EverAI,"Video Editor, Long-Form Video Content, Motion Graphic Design"
EverAI Mid Senior AI Video Artist [,EverAI,"Marketing, Video"
Highspot Senior Solution Consultant [,Highspot,"Consultant, Salesforce, Technical"
GuidePoint Security Account Executive [,GuidePoint Security,"Salesforce, Security, Travel"
GuidePoint Security CNAPP Security Engineer Mid Atlantic region [,GuidePoint Security,"Security, Code, C"
Obsidian Security Sr Sourcer GTM Leadership [,Obsidian Security,"SaaS, Security, Technical"
Oasis Security Regional Account Executive [,Oasis Security,"System, Security, Management"
Cogent Security Field Marketing Manager [,Cogent Security,"Manager, Security, Executive"
Cogent Security Manager Paid Social and Digital Acquisition [,Cogent Security,"Manager, SaaS, Security"
Cogent Security Director of Product Marketing [,Cogent Security,"Director, Security, Technical"
Armis Security Strategic Partner Manager GSI [,Armis Security,"Manager, Security, Growth"
Safe Security Product Marketing Manager [,Safe Security,"Manager, System, Security"
Obsidian Security Staff Platform Security Engineer Office of the CISO [,Obsidian Security,"Security, SaaS, Software"
"Envoy Global, Inc. DevOps Lead Engineer [","Envoy Global, Inc.","Design, Security, Software"
Salt Security API Security Engineer [,Salt Security,"Security, API, Engineer"
AuditBoard Enterprise Account Executive [,AuditBoard,"SaaS, Support, Growth"
Prophet Security Backend Software Engineer [,Prophet Security,"Golang, Software, Security"
